"id";"name";"image1";"description";"image2";"main_description";"how_to";"how_not_to";"info";"exercise_type";"visible"
1;"Bankdrücken";"";"Dies ist eine schwere und schlichte Grund?bung, auch wenn sie starke Konzentration und im Allgemeinen auch Hilfestellung
edordert. lst die Bank hoch, empfiehlt es sich, die F??e auf eine Stufe zu stellen, um den Lendenbereich
nicht ?berm??ig zu beugen, wobei das Wichtigste jedoch ist, Stabilit?t zu erreichen. Nur wenn kein Partner da ist,
der Hilfestellung leisten kann, und wenn bei der letzten Wiederholung die Kraft nachl?sst, kann der R?cken gebogen
werden, um den SaIzzu Ende zu bringen (dadurch wird die Kraft erh?ht), Zum Schluss muss die Langhantelsicher
auf die Halterung gelegt werden.
Varianten, bei denen die Absenkung nicht entlang der beschriebenen Linie erfolgt (sondern z, B. in Richtung der Schultern
oder des Bauchs) sind nicht zu empfehlen und bewirken keinen nennenswerten Vorteil. Der Bizeps bleibt beim
Bankdr?cken ebenso unter Spannung, obgleich er als Antagonist angegeben ist. Es handelt sich um eines von zahlreichen
Beispielen, bei denen ein Vluskel eine Bewegung ausf?hrt, aberzur gegenteiligen Bewegung beitragen kann,
abh?ngig davon, ob wir unsere Aufmerksamkeit auf den einen oder den anderen K?rperteil richten, und dar?ber hinaus
in Abh?ngigkeit weiterer Faktoren ... (siehe z. B. ?bung 1, ,,schultern und Nacken).";"";"";"- Rückenlage auf einer flachen Bank
- Kopf, Rücken und Beine sind
fest aufgestützt
- Griff etwas mehr als schulterbreit 
- Vor Abheben aus der Halterung einatmen
- Stange vor die Brust geführt
- Ellbogen absenken bis 0berkörper berührt
- dann wieder angehoben.
- bei Abwärtsbewegung einatmen
- beim Anheben ausatmen";"- Durchbiegen des Rückens (tiefe Beine)  - Abfedern der Langhantel von der Brust
- Absenken in Richtung des Halses o Bauchs
- zu viel oder zu wenig Gewicht
- Durchstrecken der Ellbogen 
- Bewegungen der Füße, des Rückens, des Kopfes";"Eln st?rkerer Tonus der vorderen 0berk?rpermuskeln im Vergleich zu den hinteren f?hrt in der Regel zu einer gekr?mmten Haltung
(neben weiteren Problemen). Dies bedeutet, dass nicht nur eine laterale Symmetrie, sondern auch eine Symmetrie zwischen
der vorderen und der hinteren Seite einzuhalten ist.";"free";1
2;"Schrägbankdrücken";"";"Der Neigungswinkel der Bank kann auf 60 oder 70 erh?ht werden. Dadurch wird der obere Bereich des gro?en
Brustmuskels noch st?rker beansprucht, daf?r geht jedoch ein gro?er Teil der Belastung auf die Schultern ?ber.
Dieser Bereich der Brust darJ nicht vernachl?ssigt werden (obwohl der gesamte Bereich arbeitet), denn er entwickelt
sich f?r gew?hnlich weniger als der untere Bereich. Entgegen einem weit verbreiteten Glauben kann diese ?bung dem
Erschlaffen der weiblichen Brust nicht vorbeugen bzw. entgegenwirken, was aber nichi bedeutet, dass diese gute
?bung f?r Frauen keinen Nutzen hat,
Erinnern wir uns daran, dass manche Muskeln aufgrund derAnordnung ihrer Fasern in dem einen oder anderen Bereich
beanspruchtwerden k?nnen (Brustmuskel, R?ckenmuskel, Ges??muskel ,..). Doch die Beanspruchung einzelner
Teile ein und desselben Muskelbauchs wird im Bodybuilding ?berbewertet, denn in vielen F?llen ist dies nicht
m?glich oder zumlndest nicht in dem Ma?e, wie geglaubt wird. Der innere und der ?u?ere Bereich des Brustmuskels
werden immer aktiviert, wenn eine waagerechte Adduktion (Heranf?hren) des Arms gegen einen Widerstand erfolgt (wie beim Bankdr?cken im Liegen).";"";"";"Sie liegen auf einer Schr?gbank, die aber nicht st?rker geneigt ist als 30'
oder 45o, stellen die F??e auf den Boden und st?tzen R?cken und Kopf ab,
Die Langhantel wird im Obergriff (Handfl?chen in Richtung der F??e) senkrecht
?ber der Stirn gehalten. Die Unterarme m?ssen senkrecht zum Boden
bewegt werden, dabei ist der Griff etwas mehr als schulterbreit.
Vor dem Abheben der Langhantel aus der Halterung wird eingeatmet. Die
Langhantel wird gesenkt, bis sie den oberen Teil der Brust ber?hrt, und wieder
senkrecht nach oben gedr?ckt, Die Ellbogen bleiben vom K?rper gel?st.
W?hrend der Aufw?rtsbewegung ausatmen,";"zu starke Schr?gstellung der Bank (?ber 70'),
Durchbiegen des R?ckens, Abfedern der Stange auf der Brust und
Durchstrecken der Ellbogen in der oberen Position.";"Bewegungen des Handgelenks unter Last k?nnen die kleinen Knochen und Muskeln desselben sch?digen
und sogar manche Muskeln des Unterarms. Ein Griff, bei dem der Daumen den ?brigen Fingern
gegen?berliegt (Umschlie?en der Stange) erm?glicht einen sichereren und vor allem nat?rlicheren
Griff bei jeder Art des Bankdr?ckens.";"free";0
3;"Bankdrücken auf der Negativbank";"";"Diese ung?nstige Ubung wird nicht mehr praktiziert (bzw. sollte nicht mehr praktiziert werden), da sie einen Bereich
des Brustmuskels beansprucht - den unteren -, der sich bereits durch die herk?mmlichen ?bungen gut entwickelt,
Abgesehen davon sind k?rperliche Belastungen nicht zu empfehlen, beidenen der Kopf tiefer liegt als das Herz, zumindest
nicht ?ber l?ngere Zeit und/oder mit hoher lntensit?t. Dies kann 0hnmacht und weitere Probleme verursachen,
da der menschliche K?rper nicht daf?r geelgnet ist, Anstrengungen in umgekehrter Haliung auszuf?hren, ln
jedem Fall darf der Neigungswinkel der Bank nicht gr??er sein als ca. 35o, und es sollte immer eine weitere Person
um Hilfe gebeten werden. Entgegen den Behauptungen einiger Autoren und Trainer ,,verk?rzt dlese Variante den
unteren Anteil des Brustmuskels nicht, denn diese Wirkung wird durch das gew?hnliche Brustmuskeltraining in Kom-
I
bination mit einer Di?t und aeroben Ubungen erreicht.";"";"";"Sie liegen auf einer Negativbank, der Neigungs
und 30'. Der Kopf zeigt nach unten, die Beine sind fixiert. Die Langhantel
wird im Obergriff (Handfl?chen in Richtung der F??e) senkrecht ?ber die
Augen gehalten.
Vor dem Abheben der Stange aus der Halterung wird eingeatmet, dann absenken,
bis sie den unteren Teil der Brust ber?hrt, und wieder senkrecht
nach oben dr?cken, Die Unterarme m?ssen sich senkrecht zum Boden bewegen
(siehe ?bungen 1 und 2) und die Ellbogen m?ssen, wie in den vorigen
F?llen, vom K?rper gel?st sein. Beim Hochdr?cken der Langhantel
ausatmen.";"starke Negativneigung der Bank, zu vielGewicht und ?berm??iges
Ausf?hren dieser ?bung.";"Fr?her oder sp?ter muss sich jeder Kraftsportler gewisse Kenntnisse der Anatomie und der Physiologie aneignen, Ansonsten wird er nie wissen,
ob er das Richtige tut.";"free";0
4;"Kurzhanteldrücken";"";"Wie bei anderen Ubungen erm?glichen die Kurzhanteln eine l?ngere Bewegungsstrecke. Der gr??te Nachteil besteht
in der Handhabung der Last zu Beginn und am Ende des Satzes, weshalb bei schweren ?bungen die Hilfestellung
durch einen Partner empfohlen wird. Wir k?nnen mit den Kurzhanteln ?ber den Knien beginnen und uns mit gebeugten
Armen nach hinten fallenlassen, w?hrend wir sie gleichzeitig mit Hilfe eines Partners anheben. Zum Schluss werden
die H?nde in neutrale Stellung gebracht, wobei die Ellbogen leicht gebeugt und die Kurzhanteln ?ber die
angehobenen Knie geschwungen werden und wir uns gleichzeitig aufrichten (die Hanteln nicht im Liegen zu den Seiten
fallenlassen, dies kann zu einer Verletzung der Schulter und zur Sch?digung des Materials f?hren), Es gibt Studien,
denen zufolge durch Kurzhanteln der innere Anteil des Brustmuskels st?rker beansprucht wird, doch einen
gro?en Unterschied kann es nicht ausmachen, da es zwischen dem inneren und ?u?eren Bereich keine Ans?tze gibt.
Durch die Anordnung der Fasern k?nnen der obere und untere Anteil mancher breiter Muskeln (2. B. Brustmuskel,
R?ckenmuskel usw.) st?rker beansprucht werden, etwa durch Ver?nderung des Neigungswinkels der Bank oder eine
Reihe weiterer Techniken, die im weiteren Verlauf des Buches beschrieben werden.";"";"";"Sie liegen in R?ckenlage auf einer Flachbank, R?cken und Kopf sind aufgest?tzt,
lst die Bank niedrig, stehen die F??e auf dem Boden, anderenfalls
auf einer Stufe, Halten Sie die Kurzhanteln mit etwas Abstand voneinander
senkrecht ?ber die Brust. Wie bei der Verwendung der Langhantel m?ssen
sich die Arme senkrecht zum Boden bewegen. Zu Beginn der Abw?rtsbewegung
einatmen, Absenken bis auf die H?he des Brustmuskels (je nach
Beweglichkeit) und wieder senkrecht zur Mitte heben. Die Ellbogen bleiben
senkrecht zum K?rper (auseinander), W?hrend der Aufw?rtsbewegung ausatmen.";"zu tiefes Absenken des Gewichts, falsches Aufnehmen und
Ablegen des Gewichts zu Beginn und am Ende des Satzes und Zusammensto?en
der Kurzhanteln am obersten Punkt.";"";"free";1
5;"Fliegende Bewegung mit Kurzhanteln";"";"Theoretisch tr?gt diese Ubung zurWeitung des Brustkorbs bei, insbesondere bei Menschen im Wachstumsalter, denn
sp?ter werden weniger Fortschritte erreicht, trotz Hinweisen, dass die Rippenknorpel verl?ngert werden k?nnten (slehe
?bung 5, R?ckenmuskel). Tats?chlich ist diese ?bung beinahe identisch mit dem Bankdr?cken (siehe ?bung 4), zumindest
im Hinblick auf den Brustmuskel. Dieser lVuskel hat seinen Ansatz am Oberarm und er bewegt sich beim Bankdr?cken
genauso wie bei derfliegenden Bewegung. Diese ?bung f?hlt sich deswegen anders an, weil das Gewicht an
einem weiter entfernten Punkt am K?rperhebel ansetzt (technisch gesprochen ein ,,gr??eres Kraftmoment). Erstaunlicherweise
besteht dieser lrrtum immer noch bei Trainern, in B?chern, Zeitschriften und Krafttrainingskursen, zu einer
gezielteren Beanspruchung des Brustmuskels kommt es nur, wenn der Trizeps nicht beteiligt ist.";"";"";"Sie liegen auf einerflachen, schmalen Bank. lst die Bank niedrig, stehen die
F??e auf dem Boden, ansonsten stehen sie auf einer Erh?hung. R?cken
und Kopf sind aufgest?tzt, Die Kurzhanteln werden in geringem Abstand
voneinander senkrecht ?ber der Brust gehalten, wobei sich die Handfl?chen
gegen?berliegen und die Ellbogen halb gebeugt sind. W?hrend der
Abw?rtsbewegung bis zur H?he der Brust (je nach Dehnbarkeit) tief einatmen,
ohne die Beugung des Ellbogens zu ver?ndern, dann die Hanteln
wieder vertikal nach oben und nach innen f?hren, ohne dass sie sich ber?hren.
Dabei ausatmen. Die Ellbogen bewegen sich entfernt vom K?rper,
wie bei einer Umarmung.";"Beugen der Ellbogen und Ausf?hren der Ubung als Bankdr?cken
(das ist nicht sch?dlich, allerdings ist es dann keine fliegende Bewegung
mehr), zu hohes Gewicht auf den Kurzhanteln und somit Gef?hrdung der
Gelenke, Umleiten der Belastung auf die Deltamuskeln und falsche Atmung,";"Viele Sportler denken, sie f?hren eine ,,fliegende Bewegung aus, obwohl es sich in Wirklichkeii um
,,Bankdr?cken mit neutralem Griff handelt, im Brustbereich hat sich praktisch nichts ge?ndert. Das
liegt daran, dass bei der Grund?bung der fliegenden Bewegung (der einzigen, die diese Bezeichnung
verdient) nicht mit so viel Gewicht gearbeitet werden kann. Bei der Wahl einer Bewegung, die
diesen Muskel intensiv beansprucht, ist das Bankdr?cken (sei es mit der Langhantel oder mit Kurzhanteln)
der fliegenden Bewegung mit Kurzhanteln ?berlegen.";"free";1
6;"Liegestütz auf dem Boden";"";"Diese Ubung ?hnelt dem Bankdr?cken, nutzt aber das Eigengewicht des K?rpers. Bei Schmerzen in den Handgelenken
k?nnen die F?uste aufgest?tztwerden, ohne die Belastung der Muskeln zu ver?ndern. Eine Steigerung von leicht
zuanspruchsvollkannsoerfolgen: l.anderWand,dieF??eingeringemAbstandzurWand,2.anderWand,dieF??
ein gro?em Abstand zur Wand, 3. auf dem Boden, mit aufgest?tzten Knien und erh?hten H?nden, 4. auf dem Boden,
mit aufgest?tzten Knien und H?nden auf dem Boden, 5. mit Abst?tzen der F??e auf dem Boden und Abst?tzen der
H?nde auf einer Erh?hung und 6. mit auf dem Boden aufgest?tzten F??en und H?nden, wie in der erl?uterten ?bung.
'lede dieser Varianten wird leichter, wenn die Beine weit ge?ffnet werden.";"";"";"Sie liegen mit dem Gesicht nach unten (b?uchlings), die F??e stehen
aneinander: Die H?nde sind etwas mehr als schulterbreit auseinander, die
Finger zeigen leicht nach innen. Zu Beginn sind die Arme gestreckt, dann
absenken, bis die Brust den Boden ber?hrt. Die H?fte darf nicht geknickt
werden, der K?rper wird steif und gerade wie ein Brett abgesenkt. W?hrend
der Abw?rtsbewegung einatmen und w?hrend der Aufw?rtsbewegung
ausatmen.";"nicht gleichzeitiges Absenken der Schultern und der H?fte, kurze
Bewegungsstrecke und/oder zu schnelle Ausf?hrung.";"Verletzung: Zerrung des Brustmuskels
Bei Bewegungen mit hoher Spannung und/oder Bewegungsstrecke f?r den Brustmuskel k?nnen Zerrungen und sogar Risse entstehen,
insbesondere an seinem Ansatz am Oberarmknochen, Zu dieser Verletzung kommt es in der Regel dann, wenn versucht
wird, ein zu hohes Gewicht zu heben oderwenn der Muskel unter Belastung zu weit gestreckt wird. Bei einer leichten Zerrung reichi
es in der Regel aus, auszuruhen und zu k?hlen, doch in vielen F?llen ist eine ?rztliche Behandlung notwendig.
ln ersterem Fall muss mindestens eine Woche lang absolute Ruhe gewahrt werden, in letzterem Fall kann es sogar zwei oder drei Monate andauern.";"free";1
7;"Oberkörperheben am Barren";"";"Diese ?bung stellt eine ausgezeichnete Alternative zum Bankdr?cken auf der Negativbank dar, erfordertjedoch ein
gewisses Vla? an Kraft, weswegen sie f?r Anf?nger nicht zu empfehlen ist, Zwar werden Trizeps und Deltamuskel
stark beansprucht, doch die Hauptbeanspruchung sollte auf den Brustmuskel gerichtet sein, damit wir merken, wie
er sich beim Absenken verl?ngert und wie er durch das Dr?cken auf die Griffe den K?rper wieder nach oben f?hrt.
Diese Bewegung muss vorsichtig ausgef?hrt werden und sollte bei Verletzungen des Ellbogens oder der Schulter gemieden
werden.
Au?er bei einem sportspezifischen Training muss diese ?bung in jedem Fall langsam ausgef?hrt werden.
Die Schwierigkeit ihrer korrekten Ausf?hrung f?hrt dazu, dass sich viele Personen f?lschlicherweise mit Schwung und
nur ?ber eine kurze Strecke, n?mlich mit fast gestreckten Armen bewegen, da dies der einfachste Teil der ?bung ist,";"";"";"Sie h?ngen sich mit neutralem und nicht zu breitem Griff an den Barren, der
Oberk?rper ist leicht nach vorne geneigt und die Beine stehen aneinander,
Die Einatmung erlolgt beim senkrechten Absenken, wobei der 0berk?rper
nach vorne gebeugt wird und die Beine nach vorne gef?hrt werden. W?hrend
des Absenkens werden die Ellbogen vom Oberk?rper entfernt. Unten
angekommen, erfolgt bei Ausatmung eine erneute Aufw?rtsbewegung,";"kurze Bewegungsstrecke, ?berm??ige Belastung des Trizeps, zu
viel Zusatzgewicht, falls ein solcher bei der ?bung venryendet wird, falsche Oberk?rperhaltung
bei der Bewegung und hohe Geschwindigkeit.";"Proteine sind die ,,Bausteine der Muskeln. Zu den besten nat?rlichen Proteinquellen z?hlen Eier, Fisch und Fleisch. Zu den pflanzlichen
Quellen geh?rt insbesondere Soja.";"free";0
8;"Überzüge mit der Kurzhantel";"";"Diese ?bung ist f?r ge?bte Sportler geeignet. Neben dem Brustmuskel beansprucht sie auch den R?ckenmuskel und
die angrenzenden Muskeln stark. Sie galt fr?her und in der Theorie als ?bung zur ,,Weitung des Brustkorbs (siehe
?bung 5, R?ckenmuskel) und zur Verbesserung der Dehnbarkeit der Brustmuskeln, Daf?r ist es wichtig, tief einzuatmen.
Bei dieser ?bung k?nnte mit viel Gewicht gearbeitet werden, denn die aktivierten Muskeln sind sehr stark und
der Hebel ist g?nstig, doch im Allgemeinen ist dies unn?tig und kann zu einer fehlerhaften Ausf?hrung und sp?teren
Verletzung f?hren. Sie sollte nicht mit dem Ziel ausgef?hrt werden, einen gr??eren Brustmuskel zu bekommen, f?r diesen
Zweck gibt es gezieltere ?bungen. Weiterhin ist anzumerken, dass es nicht stimmt, dass die Venruendung der Langhantel
bzw. der Kurzhanteln den Unterschied zwischen einer ?bung f?r den Brust- oder den R?ckenmuskel ausmacht";"";"";"Sie liegen auf einer Bank mit dem Kopf am Rand und halten eine Kurzhantel
senkrecht nach oben. Dabei befindet sich die Stange in dem Dreieck
zwischen Daumen und Zeigefingern, Mit halb gebeugten Ellbogen wird das
Gewicht langsam ?ber und hinter den Kopf gesenkt, Gleichzeitig tief einatmen,
Die Beugung des Ellbogens bleibt unver?ndert. Es muss zu sp?ren
sein, wie sich die Brustmuskeln strecken und der Brustkorb sich ausdehnt,
Die Bewegung erlolgt bis senkrecht ?ber die Augen, w?hrend der Brustmuskel
kontrahiert, W?hrend der Aufw?rtsbewegung ausatmen.";"zu vielGewicht, falsche Atmung, zu lange oder zu kurze Bewegungsstrecke
und Beugen des Ellbogens (Trizeps).";"Die mentale Konzentration auf den beanspruchten Muskel spielt eine gro?e Rolle bei der Ausf?hrung der Bewegungen im Krafttraining.
Dies dient nicht nur der Vermeidung von Unf?llen, sondern auch der ausreichenden Reizung des Bereichs, der beansprucht werden
soll. Anderenfalls k?nnte der Muskel, der trainiert werden soll, auf die ein oder andere Weise durch andere lvluskeln ersetzt werden.";"free";1
9;"Drehung mit der Kurzhantel";"";"Die Ubung soll so aussehen wie ,,R?ckenschwimmen (unter Ausnutzung der drei Freiheitsgrade der Schulter), wobei
jedoch nicht dieselben Muskelgruppen in derselben Weise beansprucht werden wie beijenem Sport. Diese ?bung zielt
nicht direkt auf Volumen ab, sondern auf Beweglichkeit, und muss mit geringem Gewicht ausgef?hrt werden, Neben
dem Brustmuskel werden auch der Deltamuskel und weitere angrenzende Vluskeln erheblich beansprucht. Als Variante
k?nnen die Drehungen auch umgekehrt erfolgen, auf diese Weise werden dieselben 14uskeln exzentrisch (negativ)
und umgekehrt beansprucht.";"";"";"Wir liegen auf einer Bank und halten die Kurzhanteln senkrecht - mit gegen?berliegenden Handfl?chen vor
uns, Mit halb gebeugten Ellbogen wird das Gewicht langsam ?ber und hinter den Kopf gesenkt, Gleichzeitig einatmen
(wie beiden ,,?berz?gen, ?bung 8). Die Beugung des Ellbogens bleibt unver?ndert, lst die H?he des
Kopfes erreicht, werden die Arme in einer Adduktion kreuzf?rmig ge?ffnet, um sie in Richtung K?rperseite zu
f?hren. Von dieser Position aus werden sie bis zur?ck zur Ausgangsposition nach vorne und nach oben gehoben
(Schulterbeugung). Die gesamte Bewegung muss langsam und kontrolliert erfolgen, Die Einatmung erfolgt
bei der Abw?rtsbewegung, so wie bei den ?berz?gen, die Ausatmung am Ende der Bewegungsstrecke,";"zu viel Gewicht, ?berm??ige Drehung (Zirkumduktion) der Schulter,";"";"free";0
10;"Rollende Liegestützen mit Kurzhanteln";"";"Diese ?bung wird nicht oft ausgef?hrt, da sie Kraft und Koordination erfordert, Sie eignet sich nicht f?r Anf?nger und
l?sst sich in jedem Fall leicht durch andere, wirkungsvollere ?bungen ersetzen. Manche Kurzhanteln lassen sich nicht
so rollen wie oben erkl?rt, doch zu diesem Zweck gibt es Gleltschienen. Eine weitere M?glichkeit w?re es, die Kurzhanteln
nach vorne rollen zu lassen, wodurch sich eine erhebliche Beanspruchung der Bauch- und R?ckenmuskeln
erreichen lie?e. Daf?r wird jedoch vorzugsweise mit nur einer beweglichen Scheibe gearbeitet, durch die in der Mitte
eine Stange f?hrt und bei der man sich auf beiden Seiten abst?tzen kann (siehe ?bung 13). Diese ?bung stellt in
Wahrheit keine zu bevorzugende Alternative zu den klassischen ?bungen f?r die Brustmuskeln dar, kann jedoch beim
Training au?erhalb des Kraftraums genutzt werden, wenn kein ausreichendes Gewicht vorhanden ist, um eine hohe
Intensit?t bei der Ausf?hrung der ?bung zu erreichen.";"";"";"Die Haltung entspricht den ,,Liegest?tzen auf dem Boden, doch mit einander gegen?berliegenden Kurzhanteln
und halb gebeugten Ellbogen. Durch das Rollen der Kurzhanteln nach au?en werden die Arme gleichzeitig
ge?ffnet, ?hnlich wie bei den ,,Fliegenden Bewegungen. Anhalten der Bewegung und Kontraktion des
Brustmuskels, um die Hanteln zueinander zu f?hren, bis sie wieder in derAusgangsposition aneinanderliegen.
Bei der Abw?rtsbewegung einatmen, w?hrend der Aufw?rtsbewegung ausatmen.";"falsche Technik bei der Ausf?hrung und fehlendes Aufw?rmen.";"";"free";1
11;"Seitliches heben der Langhantel mit einer Hand";"";"Dies ist eine nicht sehr verbreitete Ubung, an der vor allem der obere Bereich des Brustmuskels sowie der vordere
Teil des Deltamuskels beteiligt sind. Sie kann als abschließende Übung einer Trainingseinheit genutzt werden, um den
üblichen Trainingsablauf zu variieren, oder auch zum sportspezifischen Training (2, B. für manche Wurfsportarten).
Eine weitere Möglichkeit wäre es, diese Übung im Siizen oder auf Knien auszuführen und die Langhantel dabei auf
dem Boden aufzustützen, Die Übung wird nur in bestimmten Sportarten, bei denen eine ähnliche Bewegung ausgeführt
wird, für das Training genutzt. Für andere Zwecke hat sie keine große Bedeutung.";"";"";"Diese Ubung wird im Stehen ausgeführt. Eine Langhantel mit einer Scheibe wird am Ende von einer Hand im
Obergriff gehalten und in der Mitte von der anderen Hand im Untergriff. Die Hand am Ende der Stange bleibt
ruhig, während die andere Hand das Gewicht in einem Halbkreis bis zur Senkrechten hebt, Dann lässt sie die
Stange sanft bis in die Ausgangsstellung absinken. Bei der Abwärtsbewegung einatmen, am Ende der Aufwärtsbewegung
ausatmen.";"zu viel Gewicht und falsche Technik";"Es gibt keine einzige Sportart, bei der Krafttraining schaden würde. lm Gegenteil, für die meisten Sportarten ist es überaus nützlich.";"free";0
20;"Dips am Barren";"";"Wie bei den freien Gewichten erläutert, ist dies eine bessere Alternative zum Bankdrücken auf der Negativbank, mit
dem Vorteil, dass das Abstützen für den Anfänger eine Erleichterung darstellt. Zwar wird der Trizeps stark beansprucht,
doch die Hauptbelastung sollte auf dem Brustmuskel liegen, damit wir spüren, wie er sich beim Absenken
verlängert und wie er durch das Drücken auf die Griffe den Körper wieder nach oben bewegt. Vorsicht ist geboten
bei Verletzungen des Ellbogens oder der Schulter, Könner und Fortgeschrittene sollien sich nicht täuschen lassen,
bei nur schwachem Abstützen und langsamen Bewegungen kann die Übung sehr anspruchsvoll sein";"";"";"Die Ausführung erfolgt wie bei der Variante mit freien Gewichten (siehe Ubung 7), jedoch mit Abstützen auf dem
Gerät, Das heißt, Sie stützen sich mit neutralem, mäßig breitem Griff auf den Barren, den Oberkörper aufrecht,
die Beine zusammen, Einatmen, dabei absenken und den Oberkörper nach vorne beugen und die Füße oder
Knie auf dem Gestell abstützen (je nach Konstruktion des Geräts). Während der Abwärtsbewegung werden die
Ellbogen vom 0berkörper weg bewegt, Unten angekommen, wird der Körper erneut nach oben gedrückt, dabei
ausatmen,";"kurze Bewegungsstrecke, übermäßige Belastung des Trizeps,
falsche Oberkörperhaltung während der Bewegung.";"";"gerät";0
25;"Seitziehen mit einer Hand";"";"Dies ist eine leichte Übung, Sie eignet sich für Anfänger oder zum Aufwärmen, Doch trotz ihrer Einfachheit muss es
gelingen, die Belastung auf den Rückenmuskel zu konzentrieren, indem der Körper über die gesamte Bewegungsstrecke
hinweg zur Seite bewegt wird. Anderenfalls übernehmen die Beugemuskeln des Arms die gesamte Arbeit. ln
der freien Hand kann ein Zusatzgewicht gehalten werden. Es handelt sich um eine Übung, die sich auch außerhalb
des Kraftraums in den Tagesablauf integrieren lässt, wenn keine Geräte verfügbar sind.";"";"";"Wir stehen mit einer Seite an einerfesten (waagerechten oder besser senkrechten) Stange, Die Füße befinden
sich nahe an der Stange und wir halten uns mit einer Hand an ihr fest, während die andere auf der Hüfte liegt.
Der Körper fällt steif zur Seite, die Füße bleiben stehen. Anschließend am Arm ziehen, um ihn wieder heranzuführen,
dabei nähert sich der Ellbogen der Seite,
Während der ersten Hälfte der Bewegung einatmen, während der zweiten Hälfte ausatmen,";"ruckartige Bewegungen ohne konstante Anspannung, zu starke
Einbeziehung des Arms und gebeugte Haltung des Körpers.";"Das Aufwärmen lässt sich sehr treffend und knapp charakterisieren: Es ist unverzichtbar";"free";0
30;"Rudern am Gerät";"";"Diese Übung ähnelt dem Rudern am tiefen Seilzug (siehe Übung 10) und dem Langhantelrudern (siehe Übung 2),
was den großen Vorteil hat, dass eine Überlastung des Lendenbereichs und der paravertebralen Muskeln verhindert
wird, da der Oberkörper angelehnt wird. Ungünstig ist dagegen, dass das Zusammendrücken des Bauchs und der
Brust die Atmung erschweren kann. Bei manchen besser konstruierten Geräten können die Füße vorne unter die
Stützrollen gestellt werden, und indem auf sie Druck ausgeübt wird, wird dem Brustkorb Druck abgenommen. ln diesem
Fall ist die Übung eine gute Alternative zu den freien Gewichten.";"";"";"Setzen Sie slch und lehnen Sie die Brust und den Bauch gegen das Stützpolster
(ohne sie zu lösen). Fassen Sie den Griffvorne mit neutraler Handstellung
und ziehen sie ihn in Richtung des Bauchs, Gleichzeitig weiten Sie
die Brust, um eine starke Kontraktion des Rückenmuskels zu erzielen. Theoretisch
soll beim Anheben des Gewichts eingeatmet werden und beim Absenken
ausgeatmet, ohne die gesamte Luft herauszulassen. Doch die
Atmung ist unnatürlich, denn wenn Bauch und/oder Brust gegen das Polster
gelehnt sind, erschwert dies die normale Atmung. Außerdem muss während
eines Teils der Bewegungsstrecke die Luft angehalten werden und
darJ nie ganz ausgeatmet werden,";"Strecken des Oberkörpers, um den Lendenmuskel und die paravertebralen
Vluskeln zu Hilfe zu nehmen, unvollständige Ausführung der Bewegungsstrecke
und falsche Einstellung (oder falsche Konstruktion) des Geräts,";"";"gerät";0
32;"Überzüge am hohen Seilzug";"";"Dies ist eine gute Ubung für den Rückenmuskel. Sie darf nicht mit viel Gewicht ausgeführt werden, da uns das Seil
ansonsten nach oben ziehen würde. Dennoch beteiligt sie diesen Muskel aus anderen Winkeln als die gängigsten Übungen.
Außerdem ist die Beteiligung des Bizeps, im Gegensatz zu anderen Übungen für den Rückenmuskel, zu vernachlässigen;
stärker beteiligt ist der Trizeps, sowohl bei der isometrischen Stabilisierung des Ellbogengelenks als auch
aktiv in seinem langen Kopf, Die Muskelbeteiligung ähnelt bestimmten Schwimmstilen. Anfänger werden Schwierigkeiten
haben, die Übung in einwandfreier Technik auszuführen. Daher ist sie eher für geübte Sportler geeignet.";"";"";"Sie stehen mit dem Gesicht zum Seilzug. Der Oberkörper ist durch die
isometrische Anspannung der Bauchmuskeln leicht nach vorne geneigt,
/ Die Stange wird in etwa schulterbreitem Abstand im Obergriff gefasst
,t (mit den Handflächen in Richtung Boden). Die Ellbogen bleiben beii
nahe gestreckt, doch das Gelenk ist fixiert. Wir ziehen die Stange mit
' d.r Rückenmuskel nach unten, bis auf die Höhe der Hüfte oder der
Schenkel, wobei die Ellbogen gestreckt bleiben. Am Ende weiten wir
die Brust, um eine stärkere Kontraktion zu erzielen. Gleichzeitig wird
der Rücken leicht gebeugt. Bei der Aufwärtsbewegung der Arme einatmen
und nach dem Absenken ausatmen. Bei geringem Gewicht kann
die Atmung umgekehrt erfolgen.";"Schwingen mit dem Körper, Neigung des 0berkörpers nach
vorne, um den Bauchmuskel zu Hilfe zu nehmen und Ausführung eines Latzugs
oder einer Ruderbewegung durch Beugen der Ellbogen.";"lst der Überzug in Richtung der Hüfte oder in Richtung der Schenkel auszuführen?
Dazwischen besteht im Grunde kaum ein Unterschied: Die Armbewegung ist beinahe die gleiche und die stärkere Streckung bzw. Beugung
der Ellbogengelenke und der Hüfte lässt uns die Hände weiter nach oben bzw. nach unten führen. Da der Rückenmuskel am 0berarmknochen
ansetzt und dessen Bewegung in beiden Fällen gleich ist, besteht kein Unterschied in der Belastung.
Zu vermuten ist nur, dass die Bewegungstrecke bei einer stärkeren Beugung der Hüfte und der Knie und bei einer Bewegung in Richtung
der Oberschenkel etwas kürzer ist.";"gerät";0
33;"Klimmzüge am Gerät mit Unterstützung";"";"Dies ist eine hervorragende Übung für den Rückenmuskel, die sowohl Anfänger als auch Fortgeschrittene ausführen
können. Für Erstere dient sie der Gewöhnung an Klimmzüge (siehe Übung I ), Letztere können durch sie die Anzahl
der Wiederholungen steigern, die sie mit freien Gewichten erzielen, und ihre Technik verfeinern. Auch hier werden der
äußere und der obere Bereich am stärksten beansprucht, weswegen sich die Übung sehr gut für eine Verbreiterung
des Rückenmuskels eignet. Durch die Unterstützung sollte sich niemand täuschen lassen, denn die Übung kann sehr
anspruchsvoll sein, wenn man will (wenn man beispielsweise wenig Hilfsgewicht wählt) und wenn man das Schaukeln
und sonstiges Abfälschen vermeidet,";"";"";"Die Knie oder Füße stehen auf der Unterstützung (je nach Konstruktion),
der übrige Körper nimmt die,gleiche Stellung ein wie bei den Klimmzügen
mit freien Gewichten (siehe Ubung 1), das heißt, der Rücken ist gerade,
die Hände sind etwas mehr als schulterbreit auseinander und fassen die
Griffe im Obergriff (die Knöchel zeigen zum Kopf). Der Körper wird nach
oben gezogen, gleichzeitig wird der Rücken leicht gebeugt, Die Brust wird
herausgestreckt und der Körper leicht nach hinten geneigt. Die Ellbogen bewegen
sich senkrecht nach unten zu den Seiten, An diesem Gerät kann die
Aufwärtsbewegung beinahe immer ganz senkrecht erfolgen, so dass der
Kopf durch den Abstand zwischen den Griffen hindurchgeführt wird. Während
der ersten Hälfte der Abwärtsbewegung einatmen, am Ende der Aufwärtsbewegung
ausatmen. Je nach Technik kann die Atmung auch
umgekehrt erfolgen.";"Beugen des Oberkörpers, um die Brust- und Bauchmuskeln zu
Hilfe zu nehmen, unvollständige Ausführung der Bewegungsstrecke, gezwungene
Haltung bei der Aufwärtsbewegung und ruckartiges (nicht gleichmäßiges) Abstoßen
von der Unterstützung.";"lm Hinblick auf Knochen und Muskeln ist Krafttraining der umfassendste Sport, noch vor Schwimmen, Leichtathletik, Kampfsport oder sonstigen
Sportarten. Doch damit es darüber hinaus auch der gesündeste Sport ist, ist als Ergänzung Ausdauersport notwendig.";"gerät";0
41;"Kurzhantelfrontdrücken";"";"Diese schwere Übung für den vorderen Bereich des Deltamuskels kann auch im Stehen ausgeführt werden. ln diesem
Fall jedoch kann sie den Rücken eher gefährden.
Zwar wird diese Übung häufig empfohlen, um Schwierigkeiten mit den Bändern und den kleinen Muskeln, die das Schultergelenk
umgeben, beim klassischen Hanteldrücken (oder der Variante hinter dem Nacken) vorzubeugen, doch soll
an dieser Stelle daran erinnert werden, dass der vordere Teil der Schulter beim Krafttraining im Vergleich zum hinteren
Teil in der Regel übertrainiert ist, Dies sollte im Hinblick auf das Muskelgleichgewicht und die ästhetische Ausgewogenheit
des Körpers bedacht werden. Wenn die Ellbogen ganz nach vorne zeigen, kommt es zu einer stärkeren
Beteiligung des Brustmuskels (insbesondere auf den ersten Zentimetern der Aufwärtsbewegung), als wenn sie seitlich
oder diagonal ausgerichtet sind,";"";"";"Auf einer leicht schräg gestellten Bank sitzend, halten Sie die Kurzhanteln
im neutralen Griff vor dem Kopf. Die Daumen zeigen zum Kopf. Sie stoßen
die Hanteln nach oben, ohne die Ausrichtung der Ellbogen zu ändern (sie
zeigen immer nach vorne). Die Kurzhanteln werden bis auf die Höhe des
Schlüsselbeins abgesenkt und beinahe bis zur völligen Streckung nach oben
gestemmt, Während der Abwärtsbewegung Luft holen, nach dem Anheben
die Luft ausstoßen.";"zu starkes Beugen des Lendenbereichs und zu starke Beteiligung
des Trizeps.";"Die drei wichtigsten Anteile des Deltamuskels sind:
Vorderer Teil/Schlüsselbeinteil,
Mittlerer Teil/Schulterhöhenteil/lateraler bzw. seitlicher Teil,
Hinterer Teil/Grätenteil.";"free";1
46;"Kurzhantelheben vor dem Körper in Seitenlage";"";"Für Anfänger ist dies eine komplizierte Ubung, die aber als interessante Abwandlung des herkömmlichen Seithebens
dienen kann. Der Lendenbereich wird nicht überbeansprucht, doch ist es schwierig, die Haltung auf der Bank zu bewahren.";"";"";"Seitlich auf einer Bank liegend, gut abgestützt, um das Gleichgewicht zu
halten, halten Sie die Kurzhantel mit der freien Hand senkrecht im Obergriff
(Handfläche in Richtung Boden). Sie senken die Kurzhantel vorne etwas
tiefer als bis zur Körperhöhe ab und heben sie anschließend durch Kontraktion
des hinteren Teils des Deltamuskels und der angrenzenden Muskeln
hoch, bis sie sich wieder in der Vertikalen befindet, Die Hantel kann mit
dem Daumen in Richtung Boden oder in Richtung Kopf gehalten werden, Zu
Beginn der Abwärtsbewegung einatmen und beim Erreichen der oberen
Position ausatmen.";"Ellbogen eng am Körper, um den Rückenmuskelzu Hilfe zu nehmen
(der bedeutend stärker ist als der Deltamuskel), Bewegen des gesamten Oberkörpers
und Beugen/Strecken des Ellbogens, um Schwung zu holen.";"Die drei Säulen des Muskelwachstums sind: intelligentes Training, ausgewogene Ernährung und ausreichende Erholung.";"free";1
48;"Schulterheber mit Kurzhanteln";"";"Dies ist eine hervorragende, zugleich schwere und gezielte Übung für den Trapezmuskel und den Schulterblattheber.Sie beansprucht sehr gezielt den oberen Teil des Trapez und die angrenzenden Muskeln. Aufgrund ihrer Einfachheit ist sie für jedes niveau geeignet.Anfänger werden schnell Fortschritte beim verwendeten gewicht feststellen. anderre Varianten dieser Übung verbessern das Training des Trapezmuskels kaum.";"";"";"Leicht gegrätschte beine, geradem fixiertem oberkörper, neutraler griff seitlich vom körper. heben sie auf der ängstmöglichen bewegungsstrecke und versuchen sie zu halten. arme sind angespannt. kurz vor der aufwärtsbewegung einatmen und bei abwärtsbewegung ausatmen";"Drehen der Schultern bei schweren Sätzen, zu wenig oder zu viel
Gewicht, unvollständige Ausführung der Bewegungsstrecke, zukurze oder zu wenige
Sätze und Beugen der Ellbogen, um die Aufwärtsbewegung zu erleichtern.";"";"free";0
54;"Schultersenken am Barren";"";"Es handelt sich um eine seltene Ubung, die zwei Bereiche der Skelettmuskulatur trainiert, die oft etwas in Vergessenheit
geraten, weil sie kaum sichtbar sind: den unteren Bereich des Trapezmuskels und den großen Brustmuskel.
Doch sie ist einfach, und ihre Einbeziehung ins Training wird empfohlen, Dabei ist die gesamte Bewegungsstrecke
(auch wenn sie kurz ist) langsam und kontrolliert auszuführen. Fortgeschrittene können sich etwas Zusatzgewicht
an einem Gürtel umhängen oder Kurzhanteln zwischen die überkreuzten Beine klemmen.";"";"";"Der Körper hängt am Barren, die Hände oder Ellbogen sind aufgestützt. Sie heben sich durch Druck auf die
Stangen ohne Beteiligung der Ellbogen senkrecht nach oben. Beim Absenken des Körpers einatmen, bei der
Aufwärtsbewegung ausatmen,";"zu schnelle Ausführung, kurze oder leichte Sätze und unvollständige
Bewegungsstrecke,";"Der Trapezmuskel ist aufgrund der Anordnung seiner Fasern und Knochenansätze eines der besten Beispiele, um zu verstehen,
wie ein Muskel eine Bewegung (2. B. das Anheben des Schulterblatts) und die Gegenbewegung (das Absenken desselben) ausführen
kann. Da der obere Teil besser sichtbar und auffälliger ist, neigen viele Menschen dazu, den mittleren und den unteren Teil zu
vernachlässigen.";"free";0
55;"Kopfstrecken im Liegen";"";"Sehr gut trainierte Sportler können sich im Bereich des Hinterhaupts eine Hantelscheibe auflegen, um die Anspannung
zu erhöhen, oder Bänder mit Zusatzgewicht. Dies ist jedoch nicht immer empfehlenswert, da der Nackenbereich
empfindlich ist und vorsichtig trainiert werden muss. Eine Variante besteht darin, den Kopf nur nach vorne und nach
hinten zu bewegen, ihn also nicht zu beugen und zu strecken, sondern auf einer Linie zu heben und zu senken.
Dabei zeigt das Kinn in Richtung Boden, Die hier als Haupl bzw. Sekundärmuskeln angegebenen Muskeln sind je nach
gewählter Kombination aus Strecken und/oder Bewegen des Kopfes nach vorne austauschbar.";"";"";"Sie liegen in Bauchlage auf einer Flachbank. Die Brust liegt auf dem Rand und der Kopf geht über die Bank
hinaus, Um das Gleichgewicht zu halten, kann die Bank mit den Armen umfasst werden, Sie richten den Blick
nach vorne und setzen den Kopf anschließend sanft ab, bis Sie auf den Boden und noch weiter nach hinten
blicken. Die Ausführung ist auch mit geschlossenen Augen möglich, Die Atmung ist natürlich,";"zu vielZusatzgewicht, zu hohe Geschwindigkeit oder zu lange
Bewegungsstrecke (Zusammenprallen der Wirbelfortsätze ...).";"";"free";1
56;"Kopfbeugen im Liegen";"";"Sehr gut trainierte Sportler können sich auf die Vorderseite des Körpers eine Hantelscheibe oder eine andere Art
von Zusatzgewicht auflegen (nicht uneingeschränkt zu empfehlen), müssen dabeiaber die Empfindlichkeit des trainierten
Bereichs beachten, Außerdem kann die Beugebewegung durch ein Bewegen des Kopfes nach vorne ersetzt
werden, das heißt, der Kopf wird auf einer geraden Linie nach oben und unten bewegt.
Die hier als Haupt- bzw. Sekundärmuskeln angegebenen Muskeln sind je nach gewählter Kombination aus Beugung
und/oder Vorbewegung des Kopfes austauschbar.";"";"";"Sie liegen rücklings auf einer Flachbank, die Schultern liegen am Rand der Bank auf und der Kopf ragt darüber
hinaus. Halten Sie sich seitlich an der Bank fest, um das Gleichgewicht zu wahren. Kopf und Hals werden
gebeugt, bis Sie zu den Füßen schauen, und dann nicht viel weiter als bis zur Waagerechten nach hinten fallengelassen,
Die Augen können dabei geschlossen werden, Die Atmung ist natürlich, vorzugsweise wird beim
Fallenlassen des Kopfes eingeatmet.";"zu vielZusatzgewicht und zu hohe Geschwindigkeit oder zu lange
Bewegungsstrecke,";"";"free";0
63;"Einhändiges Schulterziehen am Seilzug";"";"Diese Übung entspricht derjenigen mit freien Gewichten (siehe Ubung 7), doch mit dem Seilzug lässt sich eine konstantere
Spannung erzielen, wenn eine gleichförmige (beinahe isokinetische) Bewegung gelingt. Es soll noch einmal
darauf hingewiesen werden, dass der hintere Teil der Deltamuskeln meist wenig trainiert ist, weshalb ihm besondere
Aufmerksamkeit zukommen sollte, Beim Anheben des Gewichts werden durch Zusammenführen bzw, Adduktion der
Schulterblätter auch der Trapezmuskel und der Rautenmuskel beansprucht. Die Variante mit beiden Händen gleichzeitig
kann unangenehmer sein.";"";"";"Sie stehen, die Beine sind leicht gegrätscht und halb gebeugt, Der Oberkörper
wird beinahe bis zur Waagerechten nach vorne gebeugt, Die Hand,
die näher am Seilzug ist, wird auf dem Knie abgestützt, mit der anderen wird
der Griff vor dem Körper gehalten, Er wird seitlich bis auf die Höhe des
Oberkörpers gehoben, ohne die Beugung der Ellbogen zu verändern. Die
Ellbogen müssen ausreichend weit vom Oberkörper entfernt sein, um den
Rückenmuskel nicht zu sehr einzubeziehen. Zu Beginn der Aufwärtsbewegung
einatmen, bei der Abwärtsbewegung ausatmen.";"Veränderung der Ellbogenbeugung, um den Trizeps zu Hilfe zu
nehmen, Schleudern des Gewichts, um es bis nach ganz oben zu bewegen, und starkes
Annähern des Arms an den Körper, um den Rückenmuskel zu Hilfe zu nehmen.";"";"gerät";0
64;"Schuöterziehen im Sitzen am Gerät";"";"Dies ist eine hervorragende Ubung für den hinteren Schulterbereich, Sie ermöglicht die Verwendung einer beachtlichen
lVenge an Gewicht, ohne mit dem Oberkörper zu schummeln wie bei entsprechenden anderen Übungen mit freien
Gewichten (siehe Ubung 7), Darüber hinaus schützt sie den Rücken, da er den Körper nicht in seiner Position halten
muss, Sie wird auch bei der Haltungsschulung eingesetzt, denn sie stärkt die hinteren Oberkörpermuskeln, wie
beispielsweise die Rautenmuskeln. Die Variante am Seilzug ist die gleiche, doch mit der Schwierigkeit, dass die Ellbogen
fixiert werden müssen. Wenn die Brustlehne die Atmung erschwert, müssen die Beine so aufgestellt werden,
dass sie die Atmung erleichtern, indem sie nach vorne drÜcken.";"";"";"Sie sitzen am Gerät und lehnen die Brust an, um sie zu fixieren, Die Griffe
werden vorne gehalten und die Ellbogen vom Oberkörper entfernt, so dass
die Arme waagerecht zum Boden sind (abgespreizt). Mit halb gebeugten Ellbogen,
jedoch bei gleichbleibendem Winkel, werden die Arme wie bei einer
umgekehrten Umarmung kreuzförmig geöffnet, Beim Öffnen einatmen und
beim Schließen ausatmen, ohne die gesamte Luft herauszulassen.";"unvollständige Ausführung der Bewegungsstrecke und zu
schnelle/ballistische Bewegungen, mit denen das Gewicht geschleudert wird.";"";"gerät";0
67;"Außenrotation am Seilzug";"";"Es gelten die gleichen Erläuterungen wie bei Verwendung der Kurzhantel (siehe Übung 1 1), wobeijedoch die Verwendung
des Seilzugs eine konstante Spannung über die gesamte Bewegungsstrecke hinweg ermöglicht. Die wichtigsten
Voraussetzungen (neben der richtigen Wahl des Gewichts) sind eine sehr kontrollierte Ausführung der
Bewegung und das Einhalten der unveränderten Position des Ellbogens. Die Ausführung kann auch auf Knien oder
im Sitzen edolgen, in diesem Fall seitlich zum Seilzug.";"";"";"Seitlich auf einer Bank oder auf einer Matte auf dem Boden liegend, wird der Griff im Hammergriff (neutraler
Griff) mit der oberen Hand gehalten, Der Ellbogen ist im rechten Winkel auf die Seite des Körpers aufgestützt.
Die Schulter wird bis zu einem Winkel von 80o auswärts gedreht, dabei ist der Unterarm parallel zum Boden.
Die Beugung aller Gelenke bleibt unverändert, nur die Schulter wird von vorne zur Seite gedreht. Die Atmung
erfolgt natürlich.";"zu viel Gewicht, schnelle Ausführung der Bewegung, Loslösung
des Ellbogens vom Körper und Bewegen des Ellbogens, um den hinteren Teil des
Deltamuskels zu sehr zu Hilfe zu nehmen, und Einnahme eines zu großen Winkels mit
dem Ellbogen in Bezug auf den Seilzug.";"";"gerät";0
68;"Aussenrotation im liegen";"";"";"";"";"";"";"";"";1
